BVP_mean,BVP_std,EDA_phasic_mean,EDA_phasic_min,EDA_smna_min,EDA_tonic_mean,Resp_mean,Resp_std,TEMP_mean,TEMP_std,TEMP_slope,BVP_peak_freq
0.0988857466063347,5.095351249716445,0.0036221729697329,0.000259870518168,3.617871491991805e-08,-0.1665849135873016,-0.0242625948389515,1.521167525827944,30.30345454545451,0.0135133848553175,-0.0001379527985032,0.1538461538461538
