BVP_mean,BVP_std,EDA_phasic_mean,EDA_phasic_min,EDA_smna_min,EDA_tonic_mean,Resp_mean,Resp_std,TEMP_mean,TEMP_std,TEMP_slope,BVP_peak_freq
-0.8301470588235291,118.74208943778429,2.1091462266161902,0.5391497246181243,3.096902286001704e-08,0.3776152040104432,0.0375448409449639,2.843123179252524,35.79756756756755,0.0299012252668947,-0.0007886977886977,0.0950226244343891
