BVP_mean,BVP_std,EDA_phasic_mean,EDA_phasic_min,EDA_smna_min,EDA_tonic_mean,Resp_mean,Resp_std,TEMP_mean,TEMP_std,TEMP_slope,BVP_peak_freq
0.3849321266968313,83.46900590535374,0.0226135597084334,6.262961984440754e-05,6.222949335678201e-08,-0.9390154848267348,0.0738333847145299,1.6234507638365154,35.63509090909093,0.0178756032089158,0.000440366972477,0.0904977375565611
