BVP_mean,BVP_std,EDA_phasic_mean,EDA_phasic_min,EDA_smna_min,EDA_tonic_mean,Resp_mean,Resp_std,TEMP_mean,TEMP_std,TEMP_slope,BVP_peak_freq
-1.0836743923120429,39.30585427347404,0.0737595462779013,0.0013878393348171,4.984947271309135e-08,0.2752762416207286,0.0787902428117487,1.4989302452856432,35.81450450450447,0.019670196907406,-0.0005075465075465,0.1492368569813454
