BVP_mean,BVP_std,EDA_phasic_mean,EDA_phasic_min,EDA_smna_min,EDA_tonic_mean,Resp_mean,Resp_std,TEMP_mean,TEMP_std,TEMP_slope,BVP_peak_freq
-0.0736199095022623,43.12163324147279,0.0350144352718767,0.0011442516256389,5.1746445492576994e-08,0.7722615972480996,0.0625451783854839,1.5015851820283452,35.744727272727275,0.0193864568898976,0.0004417194508938,0.1493212669683258
