BVP_mean,BVP_std,EDA_phasic_mean,EDA_phasic_min,EDA_smna_min,EDA_tonic_mean,Resp_mean,Resp_std,TEMP_mean,TEMP_std,TEMP_slope,BVP_peak_freq
-0.1816732617297902,107.648359232624,1.8242890005698504,0.3679770831591029,5.2296580284144673e-08,1.2321641222809565,0.1481839773616847,2.9356168122316832,35.817090909090865,0.012673914122067,-0.0001690598020873,0.1356698699830412
