BVP_mean,BVP_std,EDA_phasic_mean,EDA_phasic_min,EDA_smna_min,EDA_tonic_mean,Resp_mean,Resp_std,TEMP_mean,TEMP_std,TEMP_slope,BVP_peak_freq
0.1594343891402715,14.462131844424412,0.0018710751010664,1.6453342959148038e-06,1.0008162526919948e-07,-0.7466183610717915,0.0195006724659258,2.0028881957253946,34.09400000000005,0.0154449167866141,-0.0001211820661362,0.1357466063348416
