BVP_mean,BVP_std,EDA_phasic_mean,EDA_phasic_min,EDA_smna_min,EDA_tonic_mean,Resp_mean,Resp_std,TEMP_mean,TEMP_std,TEMP_slope,BVP_peak_freq
0.7257070135746614,112.44642905034527,0.3743095570734153,0.1309373334903189,3.2841323965215064e-08,-0.0366927504721936,0.046343897579991,2.1945393894575176,35.84709090909089,0.018942278568201,0.0002376755404278,0.1176470588235294
