BVP_mean,BVP_std,EDA_phasic_mean,EDA_phasic_min,EDA_smna_min,EDA_tonic_mean,Resp_mean,Resp_std,TEMP_mean,TEMP_std,TEMP_slope,BVP_peak_freq
0.0812160633484163,5.770773437455222,0.0063215512111157,2.4477164049333914e-05,9.077769653487403e-08,-0.3132214119943711,0.1454354614472391,2.64105640937499,32.731636363636376,0.0166529971491501,-0.0003266686202466,0.1493212669683258
