BVP_mean,BVP_std,EDA_phasic_mean,EDA_phasic_min,EDA_smna_min,EDA_tonic_mean,Resp_mean,Resp_std,TEMP_mean,TEMP_std,TEMP_slope,BVP_peak_freq
-0.2905992085924252,24.08749722439506,0.1244184265396507,0.0332438559190011,1.0472127634278622e-07,1.8255204182305047,-0.0413950862022654,2.937526305670741,33.077117117117176,0.040166037991134,-0.0011825201825201,0.1311475409836065
